<?xml version="1.0" encoding="UTF-8"?>
<beans xmlns="http://www.springframework.org/schema/beans"
	xmlns:xsi="http://www.w3.org/2001/XMLSchema-instance" xmlns:aop="http://www.springframework.org/schema/aop"
	xmlns:cache="http://www.springframework.org/schema/cache"
	xmlns:context="http://www.springframework.org/schema/context"
	xmlns:jdbc="http://www.springframework.org/schema/jdbc" xmlns:jee="http://www.springframework.org/schema/jee"
	xmlns:jms="http://www.springframework.org/schema/jms" xmlns:lang="http://www.springframework.org/schema/lang"
	xmlns:mvc="http://www.springframework.org/schema/mvc" xmlns:oxm="http://www.springframework.org/schema/oxm"
	xmlns:task="http://www.springframework.org/schema/task" xmlns:tx="http://www.springframework.org/schema/tx"
	xmlns:util="http://www.springframework.org/schema/util"
	xsi:schemaLocation="http://www.springframework.org/schema/beans http://www.springframework.org/schema/beans/spring-beans.xsd
        http://www.springframework.org/schema/aop http://www.springframework.org/schema/aop/spring-aop-4.0.xsd
        http://www.springframework.org/schema/cache http://www.springframework.org/schema/cache/spring-cache-4.0.xsd
        http://www.springframework.org/schema/context http://www.springframework.org/schema/context/spring-context-4.0.xsd
        http://www.springframework.org/schema/jdbc http://www.springframework.org/schema/jdbc/spring-jdbc-4.0.xsd
        http://www.springframework.org/schema/jee http://www.springframework.org/schema/jee/spring-jee-4.0.xsd
        http://www.springframework.org/schema/jms http://www.springframework.org/schema/jms/spring-jms-4.0.xsd
        http://www.springframework.org/schema/lang http://www.springframework.org/schema/lang/spring-lang-4.0.xsd
        http://www.springframework.org/schema/mvc http://www.springframework.org/schema/mvc/spring-mvc-4.0.xsd
        http://www.springframework.org/schema/oxm http://www.springframework.org/schema/oxm/spring-oxm-4.0.xsd
        http://www.springframework.org/schema/task http://www.springframework.org/schema/task/spring-task-4.0.xsd
        http://www.springframework.org/schema/tx http://www.springframework.org/schema/tx/spring-tx-4.0.xsd
        http://www.springframework.org/schema/util http://www.springframework.org/schema/util/spring-util-4.0.xsd"
	default-autowire="byName" default-lazy-init="true">
	<!-- <context:component-scan base-package="com.mvc"/> -->
	<context:component-scan base-package="com.chinaias" />
	<context:property-placeholder location="classpath:hibernate.properties" />
	<bean id="dataSource"
		class="org.springframework.jdbc.datasource.DriverManagerDataSource">
		<property name="driverClassName" value="${dataSource.driverClassName}" />
		<property name="url" value="${dataSource.url}" />
		<property name="username" value="${dataSource.username}" />
		<property name="password" value="${dataSource.password}" />
	</bean>
	<!-- org.springframework.orm.hibernate3.annotation.AnnotationSessionFactoryBean -->
	<bean id="sessionFactory"
		class="org.springframework.orm.hibernate4.LocalSessionFactoryBean">
		<property name="dataSource" ref="dataSource" />
		
		<property name="hibernateProperties">
			<props>
				<prop key="hibernate.dialect">${dataSource.dialect}</prop>
				<prop key="hibernate.show_sql">true</prop>
				<prop key="hibernate.hbm2ddl.auto">${dataSource.hbm2ddl.auto}</prop>
				<prop key="hibernate.hbm2ddl.auto">${dataSource.hbm2ddl.auto}</prop>
			</props>
		</property>
		<!-- 自动扫描制定位置下的实体进行映射 -->
		<property name="packagesToScan" value="com.chinaias.entity" />
		<!-- <property name="lobHandler" ref="oracleLobHandler"/>	 -->
	</bean>
	<!--clob  -->
<!-- 	<bean id="nativeJdbcExtractor"
		class="org.springframework.jdbc.support.nativejdbc.CommonsDbcpNativeJdbcExtractor"
		lazy-init="true" autowire="default"  />
		
	<bean id="oracleLobHandler" class="org.springframework.jdbc.support.lob.OracleLobHandler"
		lazy-init="true" autowire="default">
		<property name="nativeJdbcExtractor" ref="nativeJdbcExtractor" />
	</bean> -->
	
	<bean id="transactionManager"
		class="org.springframework.orm.hibernate4.HibernateTransactionManager">
		<property name="sessionFactory" ref="sessionFactory1" />
	</bean>
	<tx:annotation-driven transaction-manager="transactionManager" />
	<!-- security注入到shiro -->
	<!-- <bean id="securityManager" class="org.apache.shiro.web.mgt.DefaultWebSecurityManager">
		<property name="realm" ref="shiroRealm" />
	</bean>
 -->
	<!-- 項目自定义的Realm -->
	<!-- <bean id="shiroRealm" class="com.chinaias.shiro.ShiroRealm">

	</bean>
	Shiro Filter
	<bean id="shiroFilter" class="org.apache.shiro.spring.web.ShiroFilterFactoryBean">
		<property name="securityManager" ref="securityManager" />
		<property name="loginUrl" value="/login.do" />
		<property name="successUrl" value="/home.jsp" />
		<property name="unauthorizedUrl" value="/403.jsp" />
		<property name="filterChainDefinitions">
			<value>
				/** = authc
			</value>
		</property>
	</bean>
	<bean
		class="org.apache.shiro.spring.security.interceptor.AuthorizationAttributeSourceAdvisor">
		<property name="securityManager" ref="securityManager" />
	</bean>
 -->

	<!-- // 该异常是SpringMVC在检查上传的文件信息时抛出来的，而且此时还没有进入到Controller方法中 <bean id="exceptionResolver" 
		class="org.springframework.web.servlet.handler.SimpleMappingExceptionResolver"> 
		<property name="exceptionMappings"> <props> // 遇到MaxUploadSizeExceededException异常时，自动跳转到WebContent目录下的error.jsp页面 
		<prop key="org.springframework.web.multipart.MaxUploadSizeExceededException">error</prop> 
		</props> </property> </bean> -->
</beans>