<?xml version="1.0" encoding="UTF-8"?>
<!DOCTYPE hibernate-configuration PUBLIC
		"-//Hibernate/Hibernate Configuration DTD 3.0//EN"
		"http://www.hibernate.org/dtd/hibernate-configuration-3.0.dtd">
<hibernate-configuration>
    <session-factory>
        <property name="hibernate.connection.driver_class">oracle.jdbc.driver.OracleDriver</property>
        <property name="hibernate.connection.password">123456</property>
        <property name="hibernate.connection.url">jdbc:oracle:thin:@chinaias.f3322.net:1521:ORCL</property> 
        <!-- <property name="hibernate.connection.url">jdbc:oracle:thin:@192.168.1.210:1521:ORCL</property> -->
        <property name="hibernate.connection.username">jhteval</property>
        <property name="hibernate.dialect">org.hibernate.dialect.Oracle11gDialect</property>
        <property name="hibernate.temp.use_jdbc_metadata_defaults">false</property>
    </session-factory>
</hibernate-configuration>
